Parameter,Value,Uncertainty
a,0.4650497376246516,0.00785675983128895
b,0.0696750896831525,0.01686180627239708
