Model,Chi2,Reduced_Chi2,p_value
Linear,24.88311141650589,6.220777854126473,5.3106850446016374e-05
Exponential,244.7787449693143,61.19468624232857,0.0
